"Label",""
"Time(s)","CH2"
"0.0","366"
"0.0015634771732332708","384"
"0.0031269543464665416","355"
"0.0046904315196998128","430"
"0.0062539086929330832","434"
"0.0078173858661663535","439"
"0.0093808630393996256","420"
"0.010944340212632896","430"
"0.012507817385866166","410"
"0.014071294559099437","346"
"0.015634771732332707","360"
"0.017198248905565979","410"
"0.018761726078799251","418"
"0.02032520325203252","426"
"0.021888680425265792","422"
"0.023452157598499061","486"
"0.025015634771732333","485"
"0.026579111944965605","424"
"0.028142589118198873","368"
"0.029706066291432145","359"
"0.031269543464665414","356"
"0.03283302063789869","362"
"0.034396497811131958","370"
"0.035959974984365227","371"
"0.037523452157598502","424"
"0.039086929330831771","472"
"0.04065040650406504","485"
"0.042213883677298308","480"
"0.043777360850531584","427"
"0.045340838023764853","356"
"0.046904315196998121","361"
"0.048467792370231397","355"
"0.050031269543464665","365"
"0.051594746716697934","360"
"0.05315822388993121","424"
"0.054721701063164478","438"
"0.056285178236397747","487"
"0.057848655409631022","486"
"0.059412132582864291","464"
"0.06097560975609756","399"
"0.062539086929330828","371"
"0.064102564102564097","367"
"0.065666041275797379","370"
"0.067229518449030648","376"
"0.068792995622263917","376"
"0.070356472795497185","435"
"0.071919949968730454","483"
"0.073483427141963722","475"
"0.075046904315197005","465"
"0.076610381488430274","422"
"0.078173858661663542","366"
"0.079737335834896811","349"
"0.081300813008130079","360"
"0.082864290181363348","359"
"0.084427767354596617","376"
"0.085991244527829899","429"
"0.087554721701063168","429"
"0.089118198874296436","439"
"0.090681676047529705","432"
"0.092245153220762974","428"
"0.093808630393996242","359"
"0.095372107567229525","356"
"0.096935584740462793","361"
"0.098499061913696062","367"
"0.10006253908692933","367"
"0.1016260162601626","418"
"0.10318949343339587","436"
"0.10475297060662914","490"
"0.10631644777986242","482"
"0.10787992495309569","478"
"0.10944340212632896","420"
"0.11100687929956222","419"
"0.11257035647279549","362"
"0.11413383364602876","367"
"0.11569731081926204","368"
"0.11726078799249531","374"
"0.11882426516572858","420"
"0.12038774233896185","435"
"0.12195121951219512","464"
"0.12351469668542839","480"
"0.12507817385866166","448"
"0.12664165103189493","404"
"0.12820512820512819","358"
"0.12976860537836146","368"
"0.13133208255159476","365"
"0.13289555972482803","366"
"0.1344590368980613","427"
"0.13602251407129456","426"
"0.13758599124452783","479"
"0.1391494684177611","462"
"0.14071294559099437","453"
"0.14227642276422764","408"
"0.14383989993746091","409"
"0.14540337711069418","362"
"0.14696685428392744","366"
"0.14853033145716071","372"
"0.15009380863039401","366"
"0.15165728580362728","426"
"0.15322076297686055","468"
"0.15478424015009382","481"
"0.15634771732332708","479"
"0.15791119449656035","419"
"0.15947467166979362","367"
"0.16103814884302689","359"
"0.16260162601626016","351"
"0.16416510318949343","366"
"0.1657285803627267","366"
"0.16729205753595996","389"
"0.16885553470919323","438"
"0.17041901188242653","490"
"0.1719824890556598","477"
"0.17354596622889307","366"
"0.17510944340212634","352"
"0.1766729205753596","387"
"0.17823639774859287","354"
"0.17979987492182614","376"
"0.18136335209505941","370"
"0.18292682926829268","362"
"0.18449030644152595","430"
"0.18605378361475922","470"
"0.18761726078799248","486"
"0.18918073796122575","468"
"0.19074421513445905","419"
"0.19230769230769232","366"
"0.19387116948092559","351"
"0.19543464665415886","369"
"0.19699812382739212","359"
"0.19856160100062539","360"
"0.20012507817385866","429"
"0.20168855534709193","433"
"0.2032520325203252","425"
"0.20481550969355847","432"
"0.20637898686679174","422"
"0.207942464040025","409"
"0.20950594121325827","418"
"0.21106941838649157","361"
"0.21263289555972484","379"
"0.21419637273295811","376"
"0.21575984990619138","400"
"0.21732332707942464","438"
"0.21888680425265791","429"
"0.22045028142589118","421"
"0.22201375859912445","424"
"0.22357723577235772","411"
"0.22514071294559099","358"
"0.22670419011882426","354"
"0.22826766729205752","357"
"0.22983114446529079","371"
"0.23139462163852409","359"
"0.23295809881175736","428"
"0.23452157598499063","437"
"0.2360850531582239","447"
"0.23764853033145716","468"
"0.23921200750469043","455"
"0.2407754846779237","362"
"0.24233896185115697","365"
"0.24390243902439024","363"
"0.24546591619762351","377"
"0.24702939337085678","371"
"0.24859287054409004","395"
"0.25015634771732331","430"
"0.25171982489055661","439"
"0.25328330206378985","422"
"0.25484677923702315","434"
"0.25641025641025639","420"
"0.25797373358348968","370"
"0.25953721075672292","361"
"0.26110068792995622","365"
"0.26266416510318952","360"
"0.26422764227642276","375"
"0.26579111944965605","419"
"0.2673545966228893","443"
"0.26891807379612259","458"
"0.27048155096935583","487"
"0.27204502814258913","413"
"0.27360850531582237","369"
"0.27517198248905567","350"
"0.27673545966228891","364"
"0.2782989368355222","356"
"0.27986241400875544","370"
"0.28142589118198874","419"
"0.28298936835522204","426"
"0.28455284552845528","472"
"0.28611632270168857","457"
"0.28767979987492182","465"
"0.28924327704815511","379"
"0.29080675422138835","356"
"0.29237023139462165","357"
"0.29393370856785489","366"
"0.29549718574108819","363"
"0.29706066291432143","378"
"0.29862414008755472","374"
"0.30018761726078802","426"
"0.30175109443402126","433"
"0.30331457160725456","421"
"0.3048780487804878","417"
"0.30644152595372109","362"
"0.30800500312695434","359"
"0.30956848030018763","354"
"0.31113195747342087","370"
"0.31269543464665417","366"
"0.31425891181988741","397"
"0.31582238899312071","445"
"0.31738586616635395","476"
"0.31894934333958724","423"
"0.32051282051282054","422"
"0.32207629768605378","387"
"0.32363977485928708","368"
"0.32520325203252032","357"
"0.32676672920575361","369"
"0.32833020637898686","359"
"0.32989368355222015","370"
"0.33145716072545339","370"
"0.33302063789868669","432"
"0.33458411507191993","421"
"0.33614759224515323","419"
"0.33771106941838647","368"
"0.33927454659161976","364"
"0.34083802376485306","354"
"0.3424015009380863","351"
"0.3439649781113196","359"
"0.34552845528455284","355"
"0.34709193245778613","374"
"0.34865540963101938","408"
"0.35021888680425267","439"
"0.35178236397748591","420"
"0.35334584115071921","418"
"0.35490931832395245","368"
"0.35647279549718575","354"
"0.35803627267041899","362"
"0.35959974984365228","364"
"0.36116322701688558","361"
"0.36272670419011882","378"
"0.36429018136335212","382"
"0.36585365853658536","429"
"0.36741713570981865","417"
"0.36898061288305189","417"
"0.37054409005628519","421"
"0.37210756722951843","361"
"0.37367104440275173","364"
"0.37523452157598497","364"
"0.37679799874921827","364"
"0.37836147592245151","363"
"0.3799249530956848","386"
"0.3814884302689181","435"
"0.38305190744215134","406"
"0.38461538461538464","430"
"0.38617886178861788","417"
"0.38774233896185117","394"
"0.38930581613508441","358"
"0.39086929330831771","355"
"0.39243277048155095","356"
"0.39399624765478425","373"
"0.39555972482801749","422"
"0.39712320200125079","423"
"0.39868667917448403","424"
"0.40025015634771732","421"
"0.40181363352095062","419"
"0.40337711069418386","407"
"0.40494058786741716","412"
"0.4065040650406504","362"
"0.40806754221388369","365"
"0.40963101938711693","370"
"0.41119449656035023","359"
"0.41275797373358347","421"
"0.41432145090681677","427"
"0.41588492808005001","431"
"0.41744840525328331","428"
"0.41901188242651655","414"
"0.42057535959974984","414"
"0.42213883677298314","357"
"0.42370231394621638","356"
"0.42526579111944968","371"
"0.42682926829268292","376"
"0.42839274546591621","374"
"0.42995622263914945","424"
"0.43151969981238275","420"
"0.43308317698561599","427"
"0.43464665415884929","427"
"0.43621013133208253","408"
"0.43777360850531583","391"
"0.43933708567854907","362"
"0.44090056285178236","364"
"0.44246404002501566","372"
"0.4440275171982489","377"
"0.4455909943714822","379"
"0.44715447154471544","433"
"0.44871794871794873","424"
"0.45028142589118197","418"
"0.45184490306441527","425"
"0.45340838023764851","373"
"0.45497185741088181","362"
"0.45653533458411505","363"
"0.45809881175734835","370"
"0.45966228893058159","375"
"0.46122576610381488","383"
"0.46278924327704818","421"
"0.46435272045028142","433"
"0.46591619762351472","436"
"0.46747967479674796","422"
"0.46904315196998125","421"
"0.47060662914321449","405"
"0.47217010631644779","354"
"0.47373358348968103","365"
"0.47529706066291433","362"
"0.47686053783614757","382"
"0.47842401500938087","422"
"0.47998749218261411","427"
"0.4815509693558474","427"
"0.4831144465290807","421"
"0.48467792370231394","411"
"0.48624140087554724","358"
"0.48780487804878048","298"
"0.48936835522201377","325"
"0.49093183239524701","398"
"0.49249530956848031","374"
"0.49405878674171355","420"
"0.49562226391494685","439"
"0.49718574108818009","437"
"0.49874921826141339","429"
"0.50031269543464663","409"
"0.50187617260787998","419"
"0.50343964978111322","403"
"0.50500312695434646","368"
"0.5065666041275797","366"
"0.50813008130081305","371"
"0.50969355847404629","368"
"0.51125703564727953","435"
"0.51282051282051277","427"
"0.51438398999374613","429"
"0.51594746716697937","424"
"0.51751094434021261","416"
"0.51907442151344585","420"
"0.5206378986866792","365"
"0.52220137585991244","367"
"0.52376485303314568","362"
"0.52532833020637903","368"
"0.52689180737961228","424"
"0.52845528455284552","434"
"0.53001876172607876","427"
"0.53158223889931211","419"
"0.53314571607254535","420"
"0.53470919324577859","418"
"0.53627267041901183","365"
"0.53783614759224518","368"
"0.53939962476547842","363"
"0.54096310193871167","370"
"0.54252657911194502","367"
"0.54409005628517826","431"
"0.5456535334584115","429"
"0.54721701063164474","439"
"0.54878048780487809","419"
"0.55034396497811133","419"
"0.55190744215134457","410"
"0.55347091932457781","366"
"0.55503439649781117","365"
"0.55659787367104441","369"
"0.55816135084427765","389"
"0.55972482801751089","431"
"0.56128830519074424","435"
"0.56285178236397748","424"
"0.56441525953721072","432"
"0.56597873671044407","423"
"0.56754221388367732","408"
"0.56910569105691056","407"
"0.5706691682301438","359"
"0.57223264540337715","363"
"0.57379612257661039","361"
"0.57535959974984363","371"
"0.57692307692307687","427"
"0.57848655409631022","420"
"0.58005003126954346","430"
"0.58161350844277671","424"
"0.58317698561601006","409"
"0.5847404627892433","419"
"0.58630393996247654","362"
"0.58786741713570978","367"
"0.58943089430894313","366"
"0.59099437148217637","375"
"0.59255784865540961","408"
"0.59412132582864285","473"
"0.59568480300187621","478"
"0.59724828017510945","477"
"0.59881175734834269","420"
"0.60037523452157604","421"
"0.60193871169480928","359"
"0.60350218886804252","365"
"0.60506566604127576","370"
"0.60662914321450911","360"
"0.60819262038774236","380"
"0.6097560975609756","431"
"0.61131957473420884","429"
"0.61288305190744219","428"
"0.61444652908067543","425"
"0.61601000625390867","409"
"0.61757348342714191","402"
"0.61913696060037526","368"
"0.6207004377736085","369"
"0.62226391494684175","369"
"0.6238273921200751","369"
"0.62539086929330834","428"
"0.62695434646654158","435"
"0.62851782363977482","440"
"0.63008130081300817","433"
"0.63164477798624141","422"
"0.63320825515947465","408"
"0.63477173233270789","369"
"0.63633520950594125","366"
"0.63789868667917449","367"
"0.63946216385240773","374"
"0.64102564102564108","422"
"0.64258911819887432","432"
"0.64415259537210756","431"
"0.6457160725453408","429"
"0.64727954971857415","421"
"0.6488430268918074","401"
"0.65040650406504064","358"
"0.65196998123827388","371"
"0.65353345841150723","355"
"0.65509693558474047","366"
"0.65666041275797371","377"
"0.65822388993120695","424"
"0.6597873671044403","430"
"0.66135084427767354","431"
"0.66291432145090678","431"
"0.66447779862414014","421"
"0.66604127579737338","413"
"0.66760475297060662","370"
"0.66916823014383986","369"
"0.67073170731707321","366"
"0.67229518449030645","379"
"0.67385866166353969","424"
"0.67542213883677293","434"
"0.67698561601000629","431"
"0.67854909318323953","426"
"0.68011257035647277","427"
"0.68167604752970612","422"
"0.68323952470293936","353"
"0.6848030018761726","364"
"0.68636647904940584","357"
"0.68792995622263919","359"
"0.68949343339587243","427"
"0.69105691056910568","435"
"0.69262038774233892","427"
"0.69418386491557227","430"
"0.69574734208880551","419"
"0.69731081926203875","389"
"0.69887429643527199","368"
"0.70043777360850534","367"
"0.70200125078173858","368"
"0.70356472795497182","363"
"0.70512820512820518","375"
"0.70669168230143842","427"
"0.70825515947467166","431"
"0.7098186366479049","428"
"0.71138211382113825","419"
"0.71294559099437149","416"
"0.71450906816760473","406"
"0.71607254534083797","376"
"0.71763602251407133","367"
"0.71919949968730457","368"
"0.72076297686053781","374"
"0.72232645403377116","389"
"0.7238899312070044","438"
"0.72545340838023764","430"
"0.72701688555347088","427"
"0.72858036272670423","422"
"0.73014383989993747","423"
"0.73170731707317072","405"
"0.73327079424640396","373"
"0.73483427141963731","365"
"0.73639774859287055","375"
"0.73796122576610379","397"
"0.73952470293933703","430"
"0.74108818011257038","429"
"0.74265165728580362","430"
"0.74421513445903686","431"
"0.74577861163227022","363"
"0.74734208880550346","416"
"0.7489055659787367","356"
"0.75046904315196994","368"
"0.75203252032520329","366"
"0.75359599749843653","364"
"0.75515947467166977","399"
"0.75672295184490301","424"
"0.75828642901813637","429"
"0.75984990619136961","421"
"0.76141338336460285","417"
"0.7629768605378362","414"
"0.76454033771106944","410"
"0.76610381488430268","359"
"0.76766729205753592","368"
"0.76923076923076927","381"
"0.77079424640400251","422"
"0.77235772357723576","427"
"0.773921200750469","439"
"0.77548467792370235","429"
"0.77704815509693559","424"
"0.77861163227016883","421"
"0.78017510944340207","419"
"0.78173858661663542","358"
"0.78330206378986866","362"
"0.7848655409631019","375"
"0.78642901813633526","368"
"0.7879924953095685","378"
"0.78955597248280174","438"
"0.79111944965603498","425"
"0.79268292682926833","429"
"0.79424640400250157","422"
"0.79580988117573481","418"
"0.79737335834896805","402"
"0.79893683552220141","369"
"0.80050031269543465","376"
"0.80206378986866789","311"
"0.80362726704190124","381"
"0.80519074421513448","447"
"0.80675422138836772","448"
"0.80831769856160096","472"
"0.80988117573483431","476"
"0.81144465290806755","420"
"0.81300813008130079","415"
"0.81457160725453404","366"
"0.81613508442776739","368"
"0.81769856160100063","370"
"0.81926203877423387","370"
"0.82082551594746722","438"
"0.82238899312070046","429"
"0.8239524702939337","421"
"0.82551594746716694","430"
"0.8270794246404003","423"
"0.82864290181363354","421"
"0.83020637898686678","363"
"0.83176985616010002","362"
"0.83333333333333337","359"
"0.83489681050656661","373"
"0.83646028767979985","426"
"0.83802376485303309","434"
"0.83958724202626644","426"
"0.84115071919949969","435"
"0.84271419637273293","425"
"0.84427767354596628","421"
"0.84584115071919952","421"
"0.84740462789243276","359"
"0.848968105065666","359"
"0.85053158223889935","379"
"0.85209505941213259","381"
"0.85365853658536583","432"
"0.85522201375859908","429"
"0.85678549093183243","428"
"0.85834896810506567","426"
"0.85991244527829891","416"
"0.86147592245153226","412"
"0.8630393996247655","369"
"0.86460287679799874","362"
"0.86616635397123198","365"
"0.86772983114446534","360"
"0.86929330831769858","435"
"0.87085678549093182","432"
"0.87242026266416506","441"
"0.87398373983739841","429"
"0.87554721701063165","421"
"0.87711069418386489","421"
"0.87867417135709813","418"
"0.88023764853033148","370"
"0.88180112570356473","364"
"0.88336460287679797","374"
"0.88492808005003132","429"
"0.88649155722326456","428"
"0.8880550343964978","421"
"0.88961851156973104","436"
"0.89118198874296439","431"
"0.89274546591619763","415"
"0.89430894308943087","406"
"0.89587242026266412","397"
"0.89743589743589747","369"
"0.89899937460913071","369"
"0.90056285178236395","375"
"0.9021263289555973","430"
"0.90368980612883054","432"
"0.90525328330206378","428"
"0.90681676047529702","411"
"0.90838023764853038","420"
"0.90994371482176362","415"
"0.91150719199499686","385"
"0.9130706691682301","362"
"0.91463414634146345","364"
"0.91619762351469669","368"
"0.91776110068792993","427"
"0.91932457786116317","428"
"0.92088805503439652","428"
"0.92245153220762977","429"
"0.92401500938086301","418"
"0.92557848655409636","425"
"0.9271419637273296","420"
"0.92870544090056284","365"
"0.93026891807379608","378"
"0.93183239524702943","370"
"0.93339587242026267","370"
"0.93495934959349591","431"
"0.93652282676672916","432"
"0.93808630393996251","430"
"0.93964978111319575","431"
"0.94121325828642899","427"
"0.94277673545966234","397"
"0.94434021263289558","383"
"0.94590368980612882","364"
"0.94746716697936206","370"
"0.94903064415259542","367"
"0.95059412132582866","389"
"0.9521575984990619","431"
"0.95372107567229514","435"
"0.95528455284552849","428"
"0.95684803001876173","436"
"0.95841150719199497","421"
"0.95997498436522821","392"
"0.96153846153846156","363"
"0.9631019387116948","368"
"0.96466541588492805","374"
"0.9662288930581614","374"
"0.96779237023139464","422"
"0.96935584740462788","442"
"0.97091932457786112","427"
"0.97248280175109447","426"
"0.97404627892432771","420"
"0.97560975609756095","416"
"0.97717323327079419","359"
"0.97873671044402755","375"
"0.98030018761726079","408"
"0.98186366479049403","417"
"0.98342714196372738","429"
"0.98499061913696062","435"
"0.98655409631019386","433"
"0.9881175734834271","438"
"0.98968105065666045","423"
"0.9912445278298937","408"
"0.99280800500312694","429"
"0.99437148217636018","366"
"0.99593495934959353","360"
"0.99749843652282677","377"
"0.99906191369606001","384"
"1.0006253908692933","427"
"1.0021888680425266","428"
"1.00375234521576","423"
"1.0053158223889931","431"
"1.0068792995622264","427"
"1.0084427767354596","425"
"1.0100062539086929","423"
"1.0115697310819263","392"
"1.0131332082551594","382"
"1.0146966854283928","369"
"1.0162601626016261","436"
"1.0178236397748592","433"
"1.0193871169480926","427"
"1.0209505941213259","432"
"1.0225140712945591","421"
"1.0240775484677924","422"
"1.0256410256410255","414"
"1.0272045028142589","413"
"1.0287679799874923","424"
"1.0303314571607254","427"
"1.0318949343339587","418"
"1.0334584115071921","424"
"1.0350218886804252","436"
"1.0365853658536586","429"
"1.0381488430268917","430"
"1.0397123202001251","413"
"1.0412757973733584","414"
"1.0428392745465915","369"
"1.0444027517198249","365"
"1.0459662288930582","367"
"1.0475297060662914","371"
"1.0490931832395247","448"
"1.0506566604127581","486"
"1.0522201375859912","486"
"1.0537836147592246","473"
"1.0553470919324577","427"
"1.056910569105691","411"
"1.0584740462789244","417"
"1.0600375234521575","406"
"1.0616010006253909","424"
"1.0631644777986242","418"
"1.0647279549718573","434"
"1.0662914321450907","439"
"1.0678549093183241","486"
"1.0694183864915572","478"
"1.0709818636647905","465"
"1.0725453408380237","423"
"1.074108818011257","420"
"1.0756722951844904","357"
"1.0772357723577235","368"
"1.0787992495309568","368"
"1.0803627267041902","371"
"1.0819262038774233","435"
"1.0834896810506567","495"
"1.08505315822389","480"
"1.0866166353971232","480"
"1.0881801125703565","459"
"1.0897435897435896","411"
"1.091307066916823","407"
"1.0928705440900564","404"
"1.0944340212632895","424"
"1.0959974984365228","422"
"1.0975609756097562","427"
"1.0991244527829893","438"
"1.1006879299562227","487"
"1.102251407129456","485"
"1.1038148843026891","476"
"1.1053783614759225","431"
"1.1069418386491556","419"
"1.108505315822389","404"
"1.1100687929956223","427"
"1.1116322701688555","413"
"1.1131957473420888","428"
"1.1147592245153222","429"
"1.1163227016885553","381"
"1.1178861788617886","425"
"1.1194496560350218","447"
"1.1210131332082551","440"
"1.1225766103814885","428"
"1.1241400875547216","415"
"1.125703564727955","380"
"1.1272670419011883","366"
"1.1288305190744214","377"
"1.1303939962476548","434"
"1.1319574734208881","463"
"1.1335209505941213","492"
"1.1350844277673546","482"
"1.1366479049405878","461"
"1.1382113821138211","411"
"1.1397748592870545","409"
"1.1413383364602876","370"
"1.1429018136335209","366"
"1.1444652908067543","367"
"1.1460287679799874","424"
"1.1475922451532208","437"
"1.1491557223264541","485"
"1.1507191994996873","484"
"1.1522826766729206","477"
"1.1538461538461537","435"
"1.1554096310193871","414"
"1.1569731081926204","422"
"1.1585365853658536","369"
"1.1601000625390869","377"
"1.1616635397123203","379"
"1.1632270168855534","424"
"1.1647904940587868","452"
"1.1663539712320201","479"
"1.1679174484052532","479"
"1.1694809255784866","432"
"1.1710444027517197","420"
"1.1726078799249531","388"
"1.1741713570981864","355"
"1.1757348342714196","354"
"1.1772983114446529","374"
"1.1788617886178863","418"
"1.1804252657911194","434"
"1.1819887429643527","490"
"1.1835522201375861","474"
"1.1851156973108192","470"
"1.1866791744840526","417"
"1.1882426516572857","414"
"1.1898061288305191","359"
"1.1913696060037524","367"
"1.1929330831769855","373"
"1.1944965603502189","373"
"1.1960600375234522","429"
"1.1976235146966854","428"
"1.1991869918699187","442"
"1.2007504690431521","418"
"1.2023139462163852","421"
"1.2038774233896186","407"
"1.2054409005628517","392"
"1.207004377736085","362"
"1.2085678549093184","358"
"1.2101313320825515","370"
"1.2116948092557849","431"
"1.2132582864290182","432"
"1.2148217636022514","479"
"1.2163852407754847","467"
"1.2179487179487178","459"
"1.2195121951219512","422"
"1.2210756722951845","389"
"1.2226391494684177","369"
"1.224202626641651","370"
"1.2257661038148844","366"
"1.2273295809881175","389"
"1.2288930581613509","432"
"1.2304565353345842","426"
"1.2320200125078173","428"
"1.2335834896810507","428"
"1.2351469668542838","426"
"1.2367104440275172","386"
"1.2382739212007505","361"
"1.2398373983739837","367"
"1.241400875547217","366"
"1.2429643527204504","369"
"1.2445278298936835","428"
"1.2460913070669168","440"
"1.2476547842401502","482"
"1.2492182614133833","475"
"1.2507817385866167","379"
"1.2523452157598498","410"
"1.2539086929330832","406"
"1.2554721701063165","365"
"1.2570356472795496","367"
"1.258599124452783","376"
"1.2601626016260163","394"
"1.2617260787992495","427"
"1.2632895559724828","476"
"1.2648530331457162","482"
"1.2664165103189493","479"
"1.2679799874921827","420"
"1.2695434646654158","413"
"1.2711069418386491","358"
"1.2726704190118825","364"
"1.2742338961851156","367"
"1.275797373358349","377"
"1.2773608505315823","425"
"1.2789243277048155","428"
"1.2804878048780488","443"
"1.2820512820512822","429"
"1.2836147592245153","422"
"1.2851782363977486","411"
"1.2867417135709818","378"
"1.2883051907442151","356"
"1.2898686679174485","367"
"1.2914321450906816","373"
"1.292995622263915","420"
"1.2945590994371483","426"
"1.2961225766103814","486"
"1.2976860537836148","485"
"1.2992495309568479","458"
"1.3008130081300813","409"
"1.3023764853033146","412"
"1.3039399624765478","366"
"1.3055034396497811","371"
"1.3070669168230145","369"
"1.3086303939962476","365"
"1.3101938711694809","424"
"1.3117573483427143","474"
"1.3133208255159474","483"
"1.3148843026891808","476"
"1.3164477798624139","425"
"1.3180112570356473","408"
"1.3195747342088806","367"
"1.3211382113821137","357"
"1.3227016885553471","362"
"1.3242651657285804","369"
"1.3258286429018136","403"
"1.3273921200750469","455"
"1.3289555972482803","485"
"1.3305190744215134","470"
"1.3320825515947468","479"
"1.3336460287679799","407"
"1.3352095059412132","417"
"1.3367729831144466","357"
"1.3383364602876797","362"
"1.3398999374609131","364"
"1.3414634146341464","385"
"1.3430268918073796","432"
"1.3445903689806129","442"
"1.3461538461538463","474"
"1.3477173233270794","471"
"1.3492808005003127","424"
"1.3508442776735459","407"
"1.3524077548467792","354"
"1.3539712320200126","352"
"1.3555347091932457","362"
"1.3570981863664791","370"
"1.3586616635397124","437"
"1.3602251407129455","444"
"1.3617886178861789","497"
"1.3633520950594122","473"
"1.3649155722326454","467"
"1.3664790494058787","418"
"1.3680425265791119","421"
"1.3696060037523452","362"
"1.3711694809255786","375"
"1.3727329580988117","369"
"1.374296435272045","411"
"1.3758599124452784","424"
"1.3774233896185115","483"
"1.3789868667917449","478"
"1.380550343964978","479"
"1.3821138211382114","431"
"1.3836772983114447","402"
"1.3852407754846778","363"
"1.3868042526579112","364"
"1.3883677298311445","366"
"1.3899312070043777","367"
"1.391494684177611","425"
"1.3930581613508444","473"
"1.3946216385240775","486"
"1.3961851156973109","494"
"1.397748592870544","466"
"1.3993120700437773","422"
"1.4008755472170107","415"
"1.4024390243902438","356"
"1.4040025015634772","375"
"1.4055659787367105","419"
"1.4071294559099436","444"
"1.408692933083177","478"
"1.4102564102564104","485"
"1.4118198874296435","549"
"1.4133833646028768","548"
"1.41494684177611","516"
"1.4165103189493433","462"
"1.4180737961225767","409"
"1.4196372732958098","421"
"1.4212007504690432","420"
"1.4227642276422765","417"
"1.4243277048155096","419"
"1.425891181988743","486"
"1.4274546591619763","487"
"1.4290181363352095","470"
"1.4305816135084428","306"
"1.4321450906816759","363"
"1.4337085678549093","374"
"1.4352720450281427","371"
"1.4368355222013758","390"
"1.4383989993746091","376"
"1.4399624765478425","428"
"1.4415259537210756","427"
"1.443089430894309","481"
"1.4446529080675423","485"
"1.4462163852407754","480"
"1.4477798624140088","403"
"1.4493433395872419","369"
"1.4509068167604753","335"
"1.4524702939337086","362"
"1.4540337711069418","366"
"1.4555972482801751","376"
"1.4571607254534085","434"
"1.4587242026266416","491"
"1.4602876797998749","492"
"1.4618511569731083","475"
"1.4634146341463414","419"
"1.4649781113195748","364"
"1.4665415884928079","359"
"1.4681050656660413","357"
"1.4696685428392746","343"
"1.4712320200125077","428"
"1.4727954971857411","429"
"1.4743589743589745","443"
"1.4759224515322076","485"
"1.4774859287054409","489"
"1.4790494058786741","480"
"1.4806128830519074","364"
"1.4821763602251408","368"
"1.4837398373983739","318"
"1.4853033145716072","369"
"1.4868667917448406","371"
"1.4884302689180737","392"
"1.4899937460913071","434"
"1.4915572232645404","487"
"1.4931207004377736","490"
"1.4946841776110069","481"
"1.49624765478424","410"
"1.4978111319574734","369"
"1.4993746091307067","346"
"1.5009380863039399","369"
"1.5025015634771732","382"
"1.5040650406504066","411"
"1.5056285178236397","432"
"1.5071919949968731","449"
"1.5087554721701064","488"
"1.5103189493433395","490"
"1.5118824265165729","476"
"1.513445903689806","413"
"1.5150093808630394","362"
"1.5165728580362727","321"
"1.5181363352095059","371"
"1.5196998123827392","376"
"1.5212632895559726","423"
"1.5228267667292057","432"
"1.524390243902439","487"
"1.5259537210756724","483"
"1.5275171982489055","468"
"1.5290806754221389","401"
"1.530644152595372","360"
"1.5322076297686054","363"
"1.5337711069418387","356"
"1.5353345841150718","350"
"1.5368980612883052","413"
"1.5384615384615385","488"
"1.5400250156347717","488"
"1.541588492808005","485"
"1.5431519699812384","472"
"1.5447154471544715","460"
"1.5462789243277049","368"
"1.547842401500938","348"
"1.5494058786741713","373"
"1.5509693558474047","363"
"1.5525328330206378","380"
"1.5540963101938712","428"
"1.5556597873671045","423"
"1.5572232645403377","493"
"1.558786741713571","487"
"1.5603502188868041","488"
"1.5619136960600375","404"
"1.5634771732332708","367"
"1.565040650406504","357"
"1.5666041275797373","374"
"1.5681676047529707","367"
"1.5697310819262038","369"
"1.5712945590994372","494"
"1.5728580362726705","491"
"1.5744215134459036","485"
"1.575984990619137","486"
"1.5775484677923701","434"
"1.5791119449656035","418"
"1.5806754221388368","368"
"1.58223889931207","349"
"1.5838023764853033","368"
"1.5853658536585367","378"
"1.5869293308317698","433"
"1.5884928080050031","444"
"1.5900562851782365","501"
"1.5916197623514696","480"
"1.593183239524703","480"
"1.5947467166979361","420"
"1.5963101938711695","415"
"1.5978736710444028","361"
"1.5994371482176359","368"
"1.6010006253908693","366"
"1.6025641025641026","385"
"1.6041275797373358","479"
"1.6056910569105691","491"
"1.6072545340838025","493"
"1.6088180112570356","458"
"1.610381488430269","436"
"1.6119449656035021","424"
"1.6135084427767354","369"
"1.6150719199499688","361"
"1.6166353971232019","365"
"1.6181988742964353","372"
"1.6197623514696686","440"
"1.6213258286429018","468"
"1.6228893058161351","503"
"1.6244527829893685","486"
"1.6260162601626016","485"
"1.6275797373358349","430"
"1.6291432145090681","400"
"1.6307066916823014","367"
"1.6322701688555348","363"
"1.6338336460287679","368"
"1.6353971232020013","383"
"1.6369606003752346","492"
"1.6385240775484677","486"
"1.6400875547217011","458"
"1.6416510318949344","461"
"1.6432145090681676","417"
"1.6447779862414009","416"
"1.6463414634146341","355"
"1.6479049405878674","369"
"1.6494684177611008","382"
"1.6510318949343339","415"
"1.6525953721075672","430"
"1.6541588492808006","480"
"1.6557223264540337","482"
"1.6572858036272671","488"
"1.6588492808005002","457"
"1.6604127579737336","372"
"1.6619762351469669","360"
"1.6635397123202","369"
"1.6651031894934334","369"
"1.6666666666666667","366"
"1.6682301438398999","425"
"1.6697936210131332","487"
"1.6713570981863666","486"
"1.6729205753595997","478"
"1.6744840525328331","471"
"1.6760475297060662","404"
"1.6776110068792995","381"
"1.6791744840525329","369"
"1.680737961225766","364"
"1.6823014383989994","368"
"1.6838649155722327","411"
"1.6854283927454659","441"
"1.6869918699186992","488"
"1.6885553470919326","504"
"1.6901188242651657","481"
"1.691682301438399","434"
"1.6932457786116322","416"
"1.6948092557848655","362"
"1.6963727329580989","359"
"1.697936210131332","365"
"1.6994996873045654","373"
"1.7010631644777987","429"
"1.7026266416510318","449"
"1.7041901188242652","482"
"1.7057535959974985","479"
"1.7073170731707317","470"
"1.708880550343965","393"
"1.7104440275171982","373"
"1.7120075046904315","369"
"1.7135709818636649","365"
"1.715134459036898","361"
"1.7166979362101313","382"
"1.7182614133833647","428"
"1.7198248905565978","440"
"1.7213883677298312","485"
"1.7229518449030645","434"
"1.7245153220762977","422"
"1.726078799249531","405"
"1.7276422764227641","361"
"1.7292057535959975","360"
"1.7307692307692308","365"
"1.732332707942464","367"
"1.7338961851156973","427"
"1.7354596622889307","488"
"1.7370231394621638","488"
"1.7385866166353972","489"
"1.7401500938086303","477"
"1.7417135709818636","396"
"1.743277048155097","363"
"1.7448405253283301","289"
"1.7464040025015635","317"
"1.7479674796747968","373"
"1.74953095684803","443"
"1.7510944340212633","488"
"1.7526579111944967","486"
"1.7542213883677298","488"
"1.7557848655409631","386"
"1.7573483427141963","425"
"1.7589118198874296","360"
"1.760475297060663","354"
"1.7620387742338961","349"
"1.7636022514071295","363"
"1.7651657285803628","374"
"1.7667292057535959","425"
"1.7682926829268293","435"
"1.7698561601000626","489"
"1.7714196372732958","481"
"1.7729831144465291","458"
"1.7745465916197622","369"
"1.7761100687929956","369"
"1.777673545966229","365"
"1.7792370231394621","366"
"1.7808005003126954","382"
"1.7823639774859288","438"
"1.7839274546591619","445"
"1.7854909318323953","493"
"1.7870544090056286","477"
"1.7886178861788617","428"
"1.7901813633520951","409"
"1.7917448405253282","410"
"1.7933083176985616","345"
"1.7948717948717949","364"
"1.7964352720450281","369"
"1.7979987492182614","362"
"1.7995622263914948","429"
"1.8011257035647279","442"
"1.8026891807379612","497"
"1.8042526579111946","479"
"1.8058161350844277","416"
"1.8073796122576611","356"
"1.8089430894308942","360"
"1.8105065666041276","361"
"1.8120700437773609","358"
"1.813633520950594","375"
"1.8151969981238274","390"
"1.8167604752970608","447"
"1.8183239524702939","481"
"1.8198874296435272","483"
"1.8214509068167606","440"
"1.8230143839899937","404"
"1.8245778611632271","359"
"1.8261413383364602","361"
"1.8277048155096935","359"
"1.8292682926829269","362"
"1.83083176985616","378"
"1.8323952470293934","439"
"1.8339587242026267","491"
"1.8355222013758599","489"
"1.8370856785490932","468"
"1.8386491557223263","421"
"1.8402126328955597","371"
"1.841776110068793","364"
"1.8433395872420262","350"
"1.8449030644152595","361"
"1.8464665415884929","382"
"1.848030018761726","375"
"1.8495934959349594","437"
"1.8511569731081927","492"
"1.8527204502814258","477"
"1.8542839274546592","464"
"1.8558474046278923","402"
"1.8574108818011257","413"
"1.858974358974359","365"
"1.8605378361475922","369"
"1.8621013133208255","366"
"1.8636647904940589","370"
"1.865228267667292","438"
"1.8667917448405253","480"
"1.8683552220137587","483"
"1.8699186991869918","485"
"1.8714821763602252","420"
"1.8730456535334583","355"
"1.8746091307066917","357"
"1.876172607879925","353"
"1.8777360850531581","372"
"1.8792995622263915","368"
"1.8808630393996248","431"
"1.882426516572858","490"
"1.8839899937460913","481"
"1.8855534709193247","491"
"1.8871169480925578","435"
"1.8886804252657912","416"
"1.8902439024390243","406"
"1.8918073796122576","352"
"1.893370856785491","371"
"1.8949343339587241","425"
"1.8964978111319575","438"
"1.8980612883051908","426"
"1.899624765478424","484"
"1.9011882426516573","490"
"1.9027517198248907","480"
"1.9043151969981238","420"
"1.9058786741713571","360"
"1.9074421513445903","358"
"1.9090056285178236","363"
"1.910569105691057","371"
"1.9121325828642901","369"
"1.9136960600375235","427"
"1.9152595372107568","488"
"1.9168230143839899","484"
"1.9183864915572233","478"
"1.9199499687304564","389"
"1.9215134459036898","367"
"1.9230769230769231","346"
"1.9246404002501563","356"
"1.9262038774233896","364"
"1.927767354596623","360"
"1.9293308317698561","417"
"1.9308943089430894","429"
"1.9324577861163228","478"
"1.9340212632895559","478"
"1.9355847404627893","479"
"1.9371482176360224","405"
"1.9387116948092558","356"
"1.9402751719824891","331"
"1.9418386491557222","370"
"1.9434021263289556","361"
"1.9449656035021889","379"
"1.9465290806754221","397"
"1.9480925578486554","492"
"1.9496560350218888","487"
"1.9512195121951219","483"
"1.9527829893683553","429"
"1.9543464665415884","354"
"1.9559099437148217","371"
"1.9574734208880551","361"
"1.9590368980612882","368"
"1.9606003752345216","378"
"1.9621638524077549","428"
"1.9637273295809881","434"
"1.9652908067542214","478"
"1.9668542839274548","434"
"1.9684177611006879","467"
"1.9699812382739212","392"
"1.9715447154471544","360"
"1.9731081926203877","349"
"1.9746716697936211","367"
"1.9762351469668542","373"
"1.9777986241400876","372"
"1.9793621013133209","420"
"1.980925578486554","488"
"1.9824890556597874","477"
"1.9840525328330207","470"
"1.9856160100062539","428"
"1.9871794871794872","370"
"1.9887429643527204","349"
"1.9903064415259537","368"
"1.9918699186991871","364"
"1.9934333958724202","415"
"1.9949968730456535","429"
"1.9965603502188869","452"
"1.99812382739212","482"
"1.9996873045653534","476"
"2.0012507817385865","467"
"2.0028142589118199","364"
"2.0043777360850532","364"
"2.0059412132582866","340"
"2.0075046904315199","375"
"2.0090681676047528","369"
"2.0106316447779862","375"
"2.0121951219512195","428"
"2.0137585991244529","491"
"2.0153220762976862","473"
"2.0168855534709191","470"
"2.0184490306441525","430"
"2.0200125078173858","363"
"2.0215759849906192","347"
"2.0231394621638525","363"
"2.0247029393370859","373"
"2.0262664165103188","371"
"2.0278298936835522","431"
"2.0293933708567855","428"
"2.0309568480300189","480"
"2.0325203252032522","475"
"2.0340838023764851","423"
"2.0356472795497185","420"
"2.0372107567229518","364"
"2.0387742338961852","348"
"2.0403377110694185","367"
"2.0419011882426519","369"
"2.0434646654158848","393"
"2.0450281425891181","426"
"2.0465916197623515","504"
"2.0481550969355848","485"
"2.0497185741088182","479"
"2.0512820512820511","412"
"2.0528455284552845","352"
"2.0544090056285178","356"
"2.0559724828017512","359"
"2.0575359599749845","355"
"2.0590994371482174","300"
"2.0606629143214508","423"
"2.0622263914946841","496"
"2.0637898686679175","504"
"2.0653533458411508","468"
"2.0669168230143842","420"
"2.0684803001876171","417"
"2.0700437773608504","382"
"2.0716072545340838","358"
"2.0731707317073171","370"
"2.0747342088805505","366"
"2.0762976860537834","422"
"2.0778611632270167","438"
"2.0794246404002501","495"
"2.0809881175734835","483"
"2.0825515947467168","468"
"2.0841150719199502","389"
"2.0856785490931831","347"
"2.0872420262664164","359"
"2.0888055034396498","369"
"2.0903689806128831","370"
"2.0919324577861165","384"
"2.0934959349593494","487"
"2.0950594121325827","487"
"2.0966228893058161","481"
"2.0981863664790494","488"
"2.0997498436522828","425"
"2.1013133208255161","408"
"2.102876797998749","359"
"2.1044402751719824","360"
"2.1060037523452158","374"
"2.1075672295184491","368"
"2.1091307066916825","427"
"2.1106941838649154","431"
"2.1122576610381487","483"
"2.1138211382113821","477"
"2.1153846153846154","428"
"2.1169480925578488","402"
"2.1185115697310821","357"
"2.120075046904315","367"
"2.1216385240775484","373"
"2.1232020012507817","369"
"2.1247654784240151","368"
"2.1263289555972484","486"
"2.1278924327704813","483"
"2.1294559099437147","487"
"2.131019387116948","474"
"2.1325828642901814","426"
"2.1341463414634148","414"
"2.1357098186366481","349"
"2.137273295809881","366"
"2.1388367729831144","362"
"2.1404002501563477","376"
"2.1419637273295811","435"
"2.1435272045028144","440"
"2.1450906816760473","477"
"2.1466541588492807","477"
"2.148217636022514","470"
"2.1497811131957474","410"
"2.1513445903689807","349"
"2.1529080675422141","360"
"2.154471544715447","359"
"2.1560350218886803","366"
"2.1575984990619137","395"
"2.1591619762351471","473"
"2.1607254534083804","492"
"2.1622889305816133","466"
"2.1638524077548467","450"
"2.16541588492808","428"
"2.1669793621013134","406"
"2.1685428392745467","355"
"2.1701063164477801","363"
"2.171669793621013","365"
"2.1732332707942463","373"
"2.1747967479674797","430"
"2.176360225140713","463"
"2.1779237023139464","433"
"2.1794871794871793","488"
"2.1810506566604126","457"
"2.182614133833646","404"
"2.1841776110068793","322"
"2.1857410881801127","363"
"2.1873045653533461","364"
"2.188868042526579","368"
"2.1904315196998123","418"
"2.1919949968730457","458"
"2.193558474046279","487"
"2.1951219512195124","478"
"2.1966854283927453","479"
"2.1982489055659786","395"
"2.199812382739212","359"
"2.2013758599124453","363"
"2.2029393370856787","362"
"2.204502814258912","366"
"2.2060662914321449","418"
"2.2076297686053783","431"
"2.2091932457786116","429"
"2.210756722951845","478"
"2.2123202001250784","467"
"2.2138836772983113","428"
"2.2154471544715446","408"
"2.217010631644778","362"
"2.2185741088180113","359"
"2.2201375859912447","370"
"2.221701063164478","363"
"2.2232645403377109","375"
"2.2248280175109443","443"
"2.2263914946841776","485"
"2.227954971857411","484"
"2.2295184490306443","473"
"2.2310819262038772","384"
"2.2326454033771106","369"
"2.2342088805503439","357"
"2.2357723577235773","363"
"2.2373358348968106","360"
"2.2388993120700436","381"
"2.2404627892432769","427"
"2.2420262664165103","486"
"2.2435897435897436","468"
"2.245153220762977","480"
"2.2467166979362103","427"
"2.2482801751094432","359"
"2.2498436522826766","361"
"2.2514071294559099","371"
"2.2529706066291433","360"
"2.2545340838023766","363"
"2.2560975609756095","428"
"2.2576610381488429","488"
"2.2592245153220762","484"
"2.2607879924953096","425"
"2.2623514696685429","473"
"2.2639149468417763","376"
"2.2654784240150092","364"
"2.2670419011882426","364"
"2.2686053783614759","364"
"2.2701688555347093","365"
"2.2717323327079426","428"
"2.2732958098811755","426"
"2.2748592870544089","491"
"2.2764227642276422","481"
"2.2779862414008756","484"
"2.2795497185741089","425"
"2.2811131957473423","408"
"2.2826766729205752","351"
"2.2842401500938085","359"
"2.2858036272670419","365"
"2.2873671044402752","373"
"2.2889305816135086","429"
"2.2904940587867415","467"
"2.2920575359599749","488"
"2.2936210131332082","477"
"2.2951844903064416","457"
"2.2967479674796749","374"
"2.2983114446529083","359"
"2.2998749218261412","354"
"2.3014383989993745","354"
"2.3030018761726079","365"
"2.3045653533458412","438"
"2.3061288305190746","435"
"2.3076923076923075","491"
"2.3092557848655408","474"
"2.3108192620387742","434"
"2.3123827392120075","422"
"2.3139462163852409","359"
"2.3155096935584742","363"
"2.3170731707317072","312"
"2.3186366479049405","369"
"2.3202001250781739","364"
"2.3217636022514072","427"
"2.3233270794246406","474"
"2.3248905565978735","484"
"2.3264540337711068","480"
"2.3280175109443402","449"
"2.3295809881175735","355"
"2.3311444652908069","353"
"2.3327079424640402","366"
"2.3342714196372731","362"
"2.3358348968105065","365"
"2.3373983739837398","440"
"2.3389618511569732","436"
"2.3405253283302065","488"
"2.3420888055034395","473"
"2.3436522826766728","425"
"2.3452157598499062","397"
"2.3467792370231395","356"
"2.3483427141963729","355"
"2.3499061913696062","361"
"2.3514696685428391","367"
"2.3530331457160725","368"
"2.3545966228893058","436"
"2.3561601000625392","453"
"2.3577235772357725","492"
"2.3592870544090054","479"
"2.3608505315822388","419"
"2.3624140087554721","363"
"2.3639774859287055","358"
"2.3655409631019388","356"
"2.3671044402751722","357"
"2.3686679174484051","371"
"2.3702313946216385","444"
"2.3717948717948718","432"
"2.3733583489681052","387"
"2.3749218261413385","429"
"2.3764853033145714","440"
"2.3780487804878048","386"
"2.3796122576610381","425"
"2.3811757348342715","363"
"2.3827392120075048","342"
"2.3843026891807382","367"
"2.3858661663539711","380"
"2.3874296435272044","434"
"2.3889931207004378","465"
"2.3905565978736711","486"
"2.3921200750469045","480"
"2.3936835522201374","426"
"2.3952470293933708","362"
"2.3968105065666041","365"
"2.3983739837398375","350"
"2.3999374609130708","362"
"2.4015009380863042","369"
"2.4030644152595371","426"
"2.4046278924327704","486"
"2.4061913696060038","485"
"2.4077548467792371","484"
"2.4093183239524705","429"
"2.4108818011257034","382"
"2.4124452782989367","376"
"2.4140087554721701","368"
"2.4155722326454034","348"
"2.4171357098186368","422"
"2.4186991869918697","432"
"2.4202626641651031","432"
"2.4218261413383364","485"
"2.4233896185115698","481"
"2.4249530956848031","476"
"2.4265165728580365","408"
"2.4280800500312694","353"
"2.4296435272045027","368"
"2.4312070043777361","354"
"2.4327704815509694","368"
"2.4343339587242028","369"
"2.4358974358974357","424"
"2.437460913070669","489"
"2.4390243902439024","481"
"2.4405878674171357","483"
"2.4421513445903691","408"
"2.4437148217636024","363"
"2.4452782989368353","350"
"2.4468417761100687","365"
"2.4484052532833021","344"
"2.4499687304565354","424"
"2.4515322076297688","426"
"2.4530956848030017","424"
"2.454659161976235","471"
"2.4562226391494684","483"
"2.4577861163227017","472"
"2.4593495934959351","411"
"2.4609130706691684","413"
"2.4624765478424013","344"
"2.4640400250156347","363"
"2.465603502188868","366"
"2.4671669793621014","377"
"2.4687304565353347","428"
"2.4702939337085676","494"
"2.471857410881801","476"
"2.4734208880550344","469"
"2.4749843652282677","391"
"2.4765478424015011","357"
"2.4781113195747344","353"
"2.4796747967479673","358"
"2.4812382739212007","365"
"2.482801751094434","420"
"2.4843652282676674","415"
"2.4859287054409007","439"
"2.4874921826141336","483"
"2.489055659787367","436"
"2.4906191369606003","466"
"2.4921826141338337","405"
"2.493746091307067","410"
"2.4953095684803004","359"
"2.4968730456535333","370"
"2.4984365228267666","380"
"2.5","376"
"2.5015634771732334","423"
"2.5031269543464667","485"
"2.5046904315196996","483"
"2.506253908692933","479"
"2.5078173858661663","431"
"2.5093808630393997","364"
"2.510944340212633","359"
"2.5125078173858664","359"
"2.5140712945590993","367"
"2.5156347717323326","371"
"2.517198248905566","433"
"2.5187617260787993","440"
"2.5203252032520327","486"
"2.5218886804252656","429"
"2.5234521575984989","427"
"2.5250156347717323","412"
"2.5265791119449656","368"
"2.528142589118199","319"
"2.5297060662914324","371"
"2.5312695434646653","366"
"2.5328330206378986","370"
"2.534396497811132","413"
"2.5359599749843653","478"
"2.5375234521575987","482"
"2.5390869293308316","476"
"2.5406504065040649","422"
"2.5422138836772983","381"
"2.5437773608505316","359"
"2.545340838023765","360"
"2.5469043151969983","369"
"2.5484677923702312","381"
"2.5500312695434646","432"
"2.5515947467166979","462"
"2.5531582238899313","480"
"2.5547217010631647","471"
"2.5562851782363976","458"
"2.5578486554096309","423"
"2.5594121325828643","360"
"2.5609756097560976","360"
"2.562539086929331","361"
"2.5641025641025643","369"
"2.5656660412757972","410"
"2.5672295184490306","426"
"2.5687929956222639","484"
"2.5703564727954973","482"
"2.5719199499687306","449"
"2.5734834271419635","412"
"2.5750469043151969","374"
"2.5766103814884302","362"
"2.5781738586616636","359"
"2.5797373358348969","364"
"2.5813008130081299","368"
"2.5828642901813632","416"
"2.5844277673545966","489"
"2.5859912445278299","485"
"2.5875547217010633","424"
"2.5891181988742966","419"
"2.5906816760475295","404"
"2.5922451532207629","360"
"2.5938086303939962","335"
"2.5953721075672296","358"
"2.5969355847404629","374"
"2.5984990619136958","427"
"2.6000625390869292","436"
"2.6016260162601625","482"
"2.6031894934333959","481"
"2.6047529706066292","464"
"2.6063164477798626","397"
"2.6078799249530955","367"
"2.6094434021263289","362"
"2.6110068792995622","359"
"2.6125703564727956","360"
"2.6141338336460289","372"
"2.6156973108192618","433"
"2.6172607879924952","492"
"2.6188242651657285","491"
"2.6203877423389619","451"
"2.6219512195121952","432"
"2.6235146966854286","407"
"2.6250781738586615","357"
"2.6266416510318948","359"
"2.6282051282051282","368"
"2.6297686053783615","367"
"2.6313320825515949","430"
"2.6328955597248278","441"
"2.6344590368980612","506"
"2.6360225140712945","481"
"2.6375859912445279","478"
"2.6391494684177612","421"
"2.6407129455909946","367"
"2.6422764227642275","369"
"2.6438398999374608","364"
"2.6454033771106942","366"
"2.6469668542839275","421"
"2.6485303314571609","444"
"2.6500938086303938","488"
"2.6516572858036271","482"
"2.6532207629768605","422"
"2.6547842401500938","442"
"2.6563477173233272","416"
"2.6579111944965605","350"
"2.6594746716697935","366"
"2.6610381488430268","376"
"2.6626016260162602","373"
"2.6641651031894935","433"
"2.6657285803627269","440"
"2.6672920575359598","488"
"2.6688555347091931","477"
"2.6704190118824265","468"
"2.6719824890556598","359"
"2.6735459662288932","366"
"2.6751094434021265","362"
"2.6766729205753594","369"
"2.6782363977485928","378"
"2.6797998749218261","392"
"2.6813633520950595","490"
"2.6829268292682928","492"
"2.6844903064415258","480"
"2.6860537836147591","482"
"2.6876172607879925","349"
"2.6891807379612258","364"
"2.6907442151344592","373"
"2.6923076923076925","366"
"2.6938711694809254","378"
"2.6954346466541588","371"
"2.6969981238273921","426"
"2.6985616010006255","451"
"2.7001250781738588","482"
"2.7016885553470917","481"
"2.7032520325203251","412"
"2.7048155096935584","391"
"2.7063789868667918","350"
"2.7079424640400251","365"
"2.7095059412132585","366"
"2.7110694183864914","369"
"2.7126328955597248","408"
"2.7141963727329581","481"
"2.7157598499061915","474"
"2.7173233270794248","485"
"2.7188868042526577","466"
"2.7204502814258911","414"
"2.7220137585991244","408"
"2.7235772357723578","364"
"2.7251407129455911","370"
"2.7267041901188245","355"
"2.7282676672920574","424"
"2.7298311444652907","428"
"2.7313946216385241","487"
"2.7329580988117574","480"
"2.7345215759849908","481"
"2.7360850531582237","428"
"2.7376485303314571","410"
"2.7392120075046904","359"
"2.7407754846779238","356"
"2.7423389618511571","358"
"2.7439024390243905","370"
"2.7454659161976234","425"
"2.7470293933708567","487"
"2.7485928705440901","475"
"2.7501563477173234","481"
"2.7517198248905568","465"
"2.7532833020637897","371"
"2.754846779237023","366"
"2.7564102564102564","365"
"2.7579737335834897","373"
"2.7595372107567231","396"
"2.761100687929956","427"
"2.7626641651031894","428"
"2.7642276422764227","483"
"2.7657911194496561","416"
"2.7673545966228894","480"
"2.7689180737961228","425"
"2.7704815509693557","359"
"2.772045028142589","356"
"2.7736085053158224","356"
"2.7751719824890557","368"
"2.7767354596622891","369"
"2.778298936835522","429"
"2.7798624140087553","488"
"2.7814258911819887","489"
"2.782989368355222","474"
"2.7845528455284554","429"
"2.7861163227016887","373"
"2.7876797998749216","366"
"2.789243277048155","367"
"2.7908067542213884","365"
"2.7923702313946217","347"
"2.7939337085678551","431"
"2.795497185741088","430"
"2.7970606629143213","490"
"2.7986241400875547","459"
"2.800187617260788","420"
"2.8017510944340214","425"
"2.8033145716072547","401"
"2.8048780487804876","369"
"2.806441525953721","361"
"2.8080050031269543","368"
"2.8095684803001877","369"
"2.811131957473421","434"
"2.8126954346466539","484"
"2.8142589118198873","492"
"2.8158223889931207","475"
"2.817385866166354","396"
"2.8189493433395874","352"
"2.8205128205128207","354"
"2.8220762976860536","366"
"2.823639774859287","366"
"2.8252032520325203","362"
"2.8267667292057537","435"
"2.828330206378987","433"
"2.8298936835522199","494"
"2.8314571607254533","481"
"2.8330206378986866","476"
"2.83458411507192","422"
"2.8361475922451533","366"
"2.8377110694183867","359"
"2.8392745465916196","339"
"2.8408380237648529","368"
"2.8424015009380863","391"
"2.8439649781113197","433"
"2.845528455284553","488"
"2.8470919324577859","492"
"2.8486554096310193","478"
"2.8502188868042526","423"
"2.851782363977486","400"
"2.8533458411507193","349"
"2.8549093183239527","359"
"2.8564727954971856","370"
"2.8580362726704189","378"
"2.8595997498436523","426"
"2.8611632270168856","432"
"2.862726704190119","479"
"2.8642901813633519","480"
"2.8658536585365852","446"
"2.8674171357098186","399"
"2.868980612883052","357"
"2.8705440900562853","362"
"2.8721075672295187","357"
"2.8736710444027516","368"
"2.8752345215759849","377"
"2.8767979987492183","435"
"2.8783614759224516","489"
"2.879924953095685","487"
"2.8814884302689179","482"
"2.8830519074421512","427"
"2.8846153846153846","368"
"2.8861788617886179","359"
"2.8877423389618513","358"
"2.8893058161350846","368"
"2.8908692933083175","365"
"2.8924327704815509","434"
"2.8939962476547842","431"
"2.8955597248280176","487"
"2.897123202001251","466"
"2.8986866791744839","453"
"2.9002501563477172","420"
"2.9018136335209506","411"
"2.9033771106941839","364"
"2.9049405878674173","356"
"2.9065040650406506","384"
"2.9080675422138835","412"
"2.9096310193871169","426"
"2.9111944965603502","478"
"2.9127579737335836","472"
"2.9143214509068169","480"
"2.9158849280800498","420"
"2.9174484052532832","356"
"2.9190118824265165","360"
"2.9205753595997499","353"
"2.9221388367729833","368"
"2.9237023139462166","374"
"2.9252657911194495","434"
"2.9268292682926829","442"
"2.9283927454659162","482"
"2.9299562226391496","478"
"2.9315196998123829","429"
"2.9330831769856158","371"
"2.9346466541588492","377"
"2.9362101313320825","366"
"2.9377736085053159","376"
"2.9393370856785492","369"
"2.9409005628517821","419"
"2.9424640400250155","426"
"2.9440275171982488","463"
"2.9455909943714822","477"
"2.9471544715447155","474"
"2.9487179487179489","414"
"2.9502814258911818","375"
"2.9518449030644152","357"
"2.9534083802376485","364"
"2.9549718574108819","362"
"2.9565353345841152","381"
"2.9580988117573481","444"
"2.9596622889305815","485"
"2.9612257661038148","486"
"2.9627892432770482","484"
"2.9643527204502815","425"
"2.9659161976235149","407"
"2.9674796747967478","361"
"2.9690431519699811","369"
"2.9706066291432145","377"
"2.9721701063164478","422"
"2.9737335834896812","425"
"2.9752970606629141","426"
"2.9768605378361475","466"
"2.9784240150093808","485"
"2.9799874921826142","468"
"2.9815509693558475","404"
"2.9831144465290809","367"
"2.9846779237023138","362"
"2.9862414008755471","359"
"2.9878048780487805","359"
"2.9893683552220138","381"
"2.9909318323952472","438"
"2.9924953095684801","494"
"2.9940587867417134","480"
"2.9956222639149468","469"
"2.9971857410881801","381"
"2.9987492182614135","411"
"3.0003126954346468","352"
"3.0018761726078798","265"
"3.0034396497811131","334"
"3.0050031269543465","414"
"3.0065666041275798","438"
"3.0081300813008132","483"
"3.0096935584740461","487"
"3.0112570356472794","480"
"3.0128205128205128","470"
"3.0143839899937461","404"
"3.0159474671669795","363"
"3.0175109443402128","350"
"3.0190744215134457","368"
"3.0206378986866791","362"
"3.0222013758599124","372"
"3.0237648530331458","476"
"3.0253283302063791","486"
"3.0268918073796121","488"
"3.0284552845528454","478"
"3.0300187617260788","408"
"3.0315822388993121","365"
"3.0331457160725455","359"
"3.0347091932457788","359"
"3.0362726704190117","360"
"3.0378361475922451","412"
"3.0393996247654784","427"
"3.0409631019387118","463"
"3.0425265791119451","486"
"3.044090056285178","461"
"3.0456535334584114","462"
"3.0472170106316447","406"
"3.0487804878048781","366"
"3.0503439649781114","319"
"3.0519074421513448","356"
"3.0534709193245777","369"
"3.0550343964978111","418"
"3.0565978736710444","423"
"3.0581613508442778","488"
"3.0597248280175111","476"
"3.061288305190744","469"
"3.0628517823639774","367"
"3.0644152595372107","366"
"3.0659787367104441","364"
"3.0675422138836774","349"
"3.0691056910569108","356"
"3.0706691682301437","418"
"3.072232645403377","422"
"3.0737961225766104","494"
"3.0753595997498437","491"
"3.0769230769230771","480"
"3.07848655409631","457"
"3.0800500312695434","366"
"3.0816135084427767","359"
"3.0831769856160101","366"
"3.0847404627892434","371"
"3.0863039399624768","370"
"3.0878674171357097","416"
"3.089430894308943","434"
"3.0909943714821764","474"
"3.0925578486554097","487"
"3.0941213258286431","478"
"3.095684803001876","419"
"3.0972482801751093","362"
"3.0988117573483427","353"
"3.100375234521576","364"
"3.1019387116948094","375"
"3.1035021888680427","409"
"3.1050656660412757","430"
"3.106629143214509","475"
"3.1081926203877424","491"
"3.1097560975609757","469"
"3.1113195747342091","449"
"3.112883051907442","408"
"3.1144465290806753","363"
"3.1160100062539087","350"
"3.117573483427142","360"
"3.1191369606003754","375"
"3.1207004377736083","428"
"3.1222639149468416","469"
"3.123827392120075","489"
"3.1253908692933083","482"
"3.1269543464665417","432"
"3.128517823639775","379"
"3.1300813008130079","361"
"3.1316447779862413","352"
"3.1332082551594747","359"
"3.134771732332708","366"
"3.1363352095059414","381"
"3.1378986866791743","432"
"3.1394621638524076","487"
"3.141025641025641","488"
"3.1425891181988743","442"
"3.1441525953721077","432"
"3.145716072545341","421"
"3.1472795497185739","358"
"3.1488430268918073","356"
"3.1504065040650406","365"
"3.151969981238274","369"
"3.1535334584115073","436"
"3.1550969355847402","430"
"3.1566604127579736","486"
"3.158223889931207","478"
"3.1597873671044403","470"
"3.1613508442776737","386"
"3.162914321450907","384"
"3.1644777986241399","366"
"3.1660412757973733","364"
"3.1676047529706066","362"
"3.16916823014384","427"
"3.1707317073170733","429"
"3.1722951844903062","438"
"3.1738586616635396","441"
"3.1754221388367729","414"
"3.1769856160100063","426"
"3.1785490931832396","375"
"3.180112570356473","355"
"3.1816760475297059","318"
"3.1832395247029392","370"
"3.1848030018761726","370"
"3.186366479049406","431"
"3.1879299562226393","444"
"3.1894934333958722","492"
"3.1910569105691056","485"
"3.1926203877423389","416"
"3.1941838649155723","404"
"3.1957473420888056","369"
"3.197310819262039","358"
"3.1988742964352719","368"
"3.2004377736085052","368"
"3.2020012507817386","424"
"3.2035647279549719","432"
"3.2051282051282053","485"
"3.2066916823014382","479"
"3.2082551594746715","470"
"3.2098186366479049","409"
"3.2113821138211383","351"
"3.2129455909943716","355"
"3.214509068167605","361"
"3.2160725453408379","374"
"3.2176360225140712","368"
"3.2191994996873046","425"
"3.2207629768605379","437"
"3.2223264540337713","487"
"3.2238899312070042","474"
"3.2254534083802375","420"
"3.2270168855534709","365"
"3.2285803627267042","337"
"3.2301438398999376","359"
"3.2317073170731709","355"
"3.2332707942464038","360"
"3.2348342714196372","376"
"3.2363977485928705","483"
"3.2379612257661039","475"
"3.2395247029393373","470"
"3.2410881801125702","436"
"3.2426516572858035","406"
"3.2442151344590369","405"
"3.2457786116322702","360"
"3.2473420888055036","367"
"3.2489055659787369","391"
"3.2504690431519698","426"
"3.2520325203252032","429"
"3.2535959974984365","456"
"3.2551594746716699","485"
"3.2567229518449032","478"
"3.2582864290181361","439"
"3.2598499061913695","360"
"3.2614133833646028","317"
"3.2629768605378362","358"
"3.2645403377110696","354"
"3.2661038148843029","367"
"3.2676672920575358","436"
"3.2692307692307692","441"
"3.2707942464040025","462"
"3.2723577235772359","486"
"3.2739212007504692","471"
"3.2754846779237021","407"
"3.2770481550969355","404"
"3.2786116322701688","349"
"3.2801751094434022","363"
"3.2817385866166355","363"
"3.2833020637898689","415"
"3.2848655409631018","434"
"3.2864290181363351","480"
"3.2879924953095685","468"
"3.2895559724828018","473"
"3.2911194496560352","417"
"3.2926829268292681","359"
"3.2942464040025015","343"
"3.2958098811757348","366"
"3.2973733583489682","362"
"3.2989368355222015","374"
"3.3005003126954344","419"
"3.3020637898686678","491"
"3.3036272670419011","490"
"3.3051907442151345","479"
"3.3067542213883678","433"
"3.3083176985616012","398"
"3.3098811757348341","366"
"3.3114446529080674","361"
"3.3130081300813008","364"
"3.3145716072545341","376"
"3.3161350844277675","341"
"3.3176985616010004","436"
"3.3192620387742338","499"
"3.3208255159474671","460"
"3.3223889931207005","477"
"3.3239524702939338","454"
"3.3255159474671672","351"
"3.3270794246404001","333"
"3.3286429018136334","359"
"3.3302063789868668","369"
"3.3317698561601001","357"
"3.3333333333333335","437"
"3.3348968105065664","467"
"3.3364602876797997","479"
"3.3380237648530331","466"
"3.3395872420262664","412"
"3.3411507191994998","376"
"3.3427141963727331","357"
"3.3442776735459661","369"
"3.3458411507191994","363"
"3.3474046278924328","398"
"3.3489681050656661","434"
"3.3505315822388995","434"
"3.3520950594121324","488"
"3.3536585365853657","457"
"3.3552220137585991","439"
"3.3567854909318324","403"
"3.3583489681050658","366"
"3.3599124452782991","350"
"3.361475922451532","371"
"3.3630393996247654","372"
"3.3646028767979987","374"
"3.3661663539712321","427"
"3.3677298311444654","506"
"3.3692933083176984","489"
"3.3708567854909317","479"
"3.3724202626641651","420"
"3.3739837398373984","369"
"3.3755472170106318","369"
"3.3771106941838651","355"
"3.378674171357098","366"
"3.3802376485303314","349"
"3.3818011257035647","418"
"3.3833646028767981","431"
"3.3849280800500314","489"
"3.3864915572232643","444"
"3.3880550343964977","454"
"3.389618511569731","403"
"3.3911819887429644","368"
"3.3927454659161977","359"
"3.3943089430894311","366"
"3.395872420262664","362"
"3.3974358974358974","376"
"3.3989993746091307","435"
"3.4005628517823641","488"
"3.4021263289555974","485"
"3.4036898061288303","483"
"3.4052532833020637","429"
"3.406816760475297","357"
"3.4083802376485304","349"
"3.4099437148217637","349"
"3.4115071919949971","359"
"3.41307066916823","360"
"3.4146341463414633","430"
"3.4161976235146967","453"
"3.41776110068793","482"
"3.4193245778611634","477"
"3.4208880550343963","472"
"3.4224515322076297","404"
"3.424015009380863","367"
"3.4255784865540964","367"
"3.4271419637273297","379"
"3.4287054409005631","370"
"3.430268918073796","389"
"3.4318323952470293","427"
"3.4333958724202627","484"
"3.434959349593496","479"
"3.4365228267667294","470"
"3.4380863039399623","418"
"3.4396497811131956","350"
"3.441213258286429","367"
"3.4427767354596623","359"
"3.4443402126328957","369"
"3.445903689806129","357"
"3.447467166979362","436"
"3.4490306441525953","442"
"3.4505941213258287","482"
"3.452157598499062","469"
"3.4537210756722954","427"
"3.4552845528455283","416"
"3.4568480300187616","341"
"3.458411507191995","367"
"3.4599749843652283","355"
"3.4615384615384617","369"
"3.463101938711695","426"
"3.4646654158849279","430"
"3.4662288930581613","473"
"3.4677923702313946","471"
"3.469355847404628","477"
"3.4709193245778613","413"
"3.4724828017510943","347"
"3.4740462789243276","367"
"3.475609756097561","361"
"3.4771732332707943","369"
"3.4787367104440277","370"
"3.4803001876172606","428"
"3.4818636647904939","440"
"3.4834271419637273","482"
"3.4849906191369606","475"
"3.486554096310194","411"
"3.4881175734834273","416"
"3.4896810506566602","389"
"3.4912445278298936","365"
"3.4928080050031269","382"
"3.4943714821763603","416"
"3.4959349593495936","426"
"3.4974984365228265","431"
"3.4990619136960599","478"
"3.5006253908692933","482"
"3.5021888680425266","469"
"3.50375234521576","408"
"3.5053158223889933","359"
"3.5068792995622262","357"
"3.5084427767354596","364"
"3.5100062539086929","378"
"3.5115697310819263","368"
"3.5131332082551596","440"
"3.5146966854283925","488"
"3.5162601626016259","477"
"3.5178236397748592","455"
"3.5193871169480926","424"
"3.5209505941213259","411"
"3.5225140712945593","364"
"3.5240775484677922","359"
"3.5256410256410255","355"
"3.5272045028142589","416"
"3.5287679799874923","438"
"3.5303314571607256","434"
"3.5318949343339585","476"
"3.5334584115071919","484"
"3.5350218886804252","458"
"3.5365853658536586","408"
"3.5381488430268919","364"
"3.5397123202001253","359"
"3.5412757973733582","359"
"3.5428392745465915","365"
"3.5444027517198249","377"
"3.5459662288930582","435"
"3.5475297060662916","478"
"3.5490931832395245","476"
"3.5506566604127578","472"
"3.5522201375859912","411"
"3.5537836147592246","408"
"3.5553470919324579","349"
"3.5569105691056913","361"
"3.5584740462789242","352"
"3.5600375234521575","425"
"3.5616010006253909","435"
"3.5631644777986242","451"
"3.5647279549718576","485"
"3.5662914321450905","476"
"3.5678549093183238","464"
"3.5694183864915572","371"
"3.5709818636647905","370"
"3.5725453408380239","377"
"3.5741088180112572","367"
"3.5756722951844901","372"
"3.5772357723577235","420"
"3.5787992495309568","427"
"3.5803627267041902","481"
"3.5819262038774236","469"
"3.5834896810506565","454"
"3.5850531582238898","389"
"3.5866166353971232","363"
"3.5881801125703565","366"
"3.5897435897435899","360"
"3.5913070669168232","338"
"3.5928705440900561","421"
"3.5944340212632895","425"
"3.5959974984365228","490"
"3.5975609756097562","488"
"3.5991244527829895","475"
"3.6006879299562224","459"
"3.6022514071294558","361"
"3.6038148843026891","348"
"3.6053783614759225","371"
"3.6069418386491559","364"
"3.6085053158223892","366"
"3.6100687929956221","424"
"3.6116322701688555","464"
"3.6131957473420888","487"
"3.6147592245153222","484"
"3.6163227016885555","482"
"3.6178861788617884","408"
"3.6194496560350218","363"
"3.6210131332082551","369"
"3.6225766103814885","359"
"3.6241400875547218","363"
"3.6257035647279552","423"
"3.6272670419011881","430"
"3.6288305190744214","486"
"3.6303939962476548","424"
"3.6319574734208881","439"
"3.6335209505941215","429"
"3.6350844277673544","390"
"3.6366479049405878","360"
"3.6382113821138211","344"
"3.6397748592870545","357"
"3.6413383364602878","366"
"3.6429018136335212","427"
"3.6444652908067541","434"
"3.6460287679799874","483"
"3.6475922451532208","488"
"3.6491557223264541","444"
"3.6507191994996875","362"
"3.6522826766729204","371"
"3.6538461538461537","358"
"3.6554096310193871","361"
"3.6569731081926204","375"
"3.6585365853658538","428"
"3.6601000625390867","428"
"3.6616635397123201","480"
"3.6632270168855534","479"
"3.6647904940587868","470"
"3.6663539712320201","435"
"3.6679174484052535","386"
"3.6694809255784864","346"
"3.6710444027517197","340"
"3.6726078799249531","367"
"3.6741713570981864","375"
"3.6757348342714198","433"
"3.6772983114446527","472"
"3.678861788617886","485"
"3.6804252657911194","480"
"3.6819887429643527","467"
"3.6835522201375861","398"
"3.6851156973108194","373"
"3.6866791744840524","370"
"3.6882426516572857","372"
"3.6898061288305191","369"
"3.6913696060037524","440"
"3.6929330831769858","480"
"3.6944965603502187","485"
"3.696060037523452","469"
"3.6976235146966854","428"
"3.6991869918699187","414"
"3.7007504690431521","373"
"3.7023139462163854","359"
"3.7038774233896183","326"
"3.7054409005628517","370"
"3.707004377736085","370"
"3.7085678549093184","431"
"3.7101313320825517","476"
"3.7116948092557847","484"
"3.713258286429018","478"
"3.7148217636022514","426"
"3.7163852407754847","421"
"3.7179487179487181","377"
"3.7195121951219514","360"
"3.7210756722951843","367"
"3.7226391494684177","368"
"3.724202626641651","420"
"3.7257661038148844","425"
"3.7273295809881177","480"
"3.7288930581613506","472"
"3.730456535334584","438"
"3.7320200125078173","418"
"3.7335834896810507","352"
"3.735146966854284","348"
"3.7367104440275174","348"
"3.7382739212007503","373"
"3.7398373983739837","385"
"3.741400875547217","430"
"3.7429643527204504","478"
"3.7445278298936837","493"
"3.7460913070669166","474"
"3.74765478424015","428"
"3.7492182614133833","358"
"3.7507817385866167","352"
"3.75234521575985","366"
"3.7539086929330834","355"
"3.7554721701063163","369"
"3.7570356472795496","420"
"3.758599124452783","480"
"3.7601626016260163","479"
"3.7617260787992497","478"
"3.7632895559724826","430"
"3.764853033145716","400"
"3.7664165103189493","368"
"3.7679799874921827","367"
"3.769543464665416","384"
"3.7711069418386494","386"
"3.7726704190118823","408"
"3.7742338961851156","430"
"3.775797373358349","437"
"3.7773608505315823","506"
"3.7789243277048157","473"
"3.7804878048780486","428"
"3.7820512820512819","370"
"3.7836147592245153","356"
"3.7851782363977486","359"
"3.786741713570982","362"
"3.7883051907442153","377"
"3.7898686679174483","370"
"3.7914321450906816","488"
"3.792995622263915","480"
"3.7945590994371483","475"
"3.7961225766103817","396"
"3.7976860537836146","409"
"3.7992495309568479","369"
"3.8008130081300813","368"
"3.8023764853033146","363"
"3.803939962476548","364"
"3.8055034396497813","387"
"3.8070669168230142","422"
"3.8086303939962476","491"
"3.8101938711694809","477"
"3.8117573483427143","468"
"3.8133208255159476","423"
"3.8148843026891806","410"
"3.8164477798624139","359"
"3.8180112570356473","359"
"3.8195747342088806","369"
"3.821138211382114","375"
"3.8227016885553473","422"
"3.8242651657285802","491"
"3.8258286429018136","488"
"3.8273921200750469","486"
"3.8289555972482803","443"
"3.8305190744215136","427"
"3.8320825515947465","359"
"3.8336460287679799","359"
"3.8352095059412132","364"
"3.8367729831144466","401"
"3.8383364602876799","439"
"3.8398999374609128","436"
"3.8414634146341462","487"
"3.8430268918073796","473"
"3.8445903689806129","465"
"3.8461538461538463","422"
"3.8477173233270796","416"
"3.8492808005003125","337"
"3.8508442776735459","352"
"3.8524077548467792","366"
"3.8539712320200126","376"
"3.8555347091932459","416"
"3.8570981863664788","488"
"3.8586616635397122","483"
"3.8602251407129455","468"
"3.8617886178861789","418"
"3.8633520950594122","369"
"3.8649155722326456","352"
"3.8664790494058785","360"
"3.8680425265791119","366"
"3.8696060037523452","377"
"3.8711694809255786","428"
"3.8727329580988119","430"
"3.8742964352720448","488"
"3.8758599124452782","437"
"3.8774233896185115","472"
"3.8789868667917449","401"
"3.8805503439649782","357"
"3.8821138211382116","334"
"3.8836772983114445","377"
"3.8852407754846778","371"
"3.8868042526579112","374"
"3.8883677298311445","436"
"3.8899312070043779","499"
"3.8914946841776108","480"
"3.8930581613508441","475"
"3.8946216385240775","422"
"3.8961851156973109","376"
"3.8977485928705442","355"
"3.8993120700437776","356"
"3.9008755472170105","352"
"3.9024390243902438","364"
"3.9040025015634772","426"
"3.9055659787367105","431"
"3.9071294559099439","485"
"3.9086929330831768","429"
"3.9102564102564101","430"
"3.9118198874296435","408"
"3.9133833646028768","404"
"3.9149468417761102","332"
"3.9165103189493435","366"
"3.9180737961225764","362"
"3.9196372732958098","369"
"3.9212007504690432","448"
"3.9227642276422765","491"
"3.9243277048155099","484"
"3.9258911819887428","467"
"3.9274546591619761","416"
"3.9290181363352095","358"
"3.9305816135084428","359"
"3.9321450906816762","350"
"3.9337085678549095","370"
"3.9352720450281424","366"
"3.9368355222013758","429"
"3.9383989993746091","440"
"3.9399624765478425","482"
"3.9415259537210758","437"
"3.9430894308943087","428"
"3.9446529080675421","308"
"3.9462163852407754","315"
"3.9477798624140088","331"
"3.9493433395872422","400"
"3.9509068167604755","421"
"3.9524702939337084","432"
"3.9540337711069418","437"
"3.9555972482801751","438"
"3.9571607254534085","478"
"3.9587242026266418","478"
"3.9602876797998747","428"
"3.9618511569731081","373"
"3.9634146341463414","358"
"3.9649781113195748","361"
"3.9665415884928081","373"
"3.9681050656660415","361"
"3.9696685428392744","426"
"3.9712320200125077","488"
"3.9727954971857411","488"
"3.9743589743589745","470"
"3.9759224515322078","426"
"3.9774859287054407","419"
"3.9790494058786741","359"
"3.9806128830519074","354"
"3.9821763602251408","369"
"3.9837398373983741","397"
"3.9853033145716075","393"
"3.9868667917448404","418"
"3.9884302689180737","480"
"3.9899937460913071","480"
"3.9915572232645404","483"
"3.9931207004377738","405"
"3.9946841776110067","352"
"3.99624765478424","363"
"3.9978111319574734","361"
"3.9993746091307067","371"
"4.0009380863039397","353"
"4.002501563477173","431"
"4.0040650406504064","484"
"4.0056285178236397","489"
"4.0071919949968731","487"
"4.0087554721701064","428"
"4.0103189493433398","363"
"4.0118824265165731","349"
"4.0134459036898065","361"
"4.0150093808630398","354"
"4.0165728580362723","385"
"4.0181363352095056","426"
"4.019699812382739","434"
"4.0212632895559723","468"
"4.0228267667292057","477"
"4.024390243902439","474"
"4.0259537210756724","408"
"4.0275171982489057","355"
"4.0290806754221391","364"
"4.0306441525953725","369"
"4.0322076297686058","366"
"4.0337711069418383","396"
"4.0353345841150716","431"
"4.036898061288305","485"
"4.0384615384615383","488"
"4.0400250156347717","481"
"4.041588492808005","426"
"4.0431519699812384","412"
"4.0447154471544717","354"
"4.0462789243277051","364"
"4.0478424015009384","365"
"4.0494058786741718","369"
"4.0509693558474043","414"
"4.0525328330206376","453"
"4.054096310193871","487"
"4.0556597873671043","477"
"4.0572232645403377","480"
"4.058786741713571","419"
"4.0603502188868044","355"
"4.0619136960600377","361"
"4.0634771732332711","365"
"4.0650406504065044","369"
"4.0666041275797378","334"
"4.0681676047529702","457"
"4.0697310819262036","484"
"4.0712945590994369","480"
"4.0728580362726703","468"
"4.0744215134459036","422"
"4.075984990619137","415"
"4.0775484677923703","360"
"4.0791119449656037","347"
"4.080675422138837","360"
"4.0822388993120704","379"
"4.0838023764853038","427"
"4.0853658536585362","444"
"4.0869293308317696","481"
"4.0884928080050029","490"
"4.0900562851782363","481"
"4.0916197623514696","390"
"4.093183239524703","367"
"4.0947467166979363","360"
"4.0963101938711697","357"
"4.097873671044403","366"
"4.0994371482176364","425"
"4.1010006253908688","458"
"4.1025641025641022","474"
"4.1041275797373356","475"
"4.1056910569105689","482"
"4.1072545340838023","429"
"4.1088180112570356","392"
"4.110381488430269","358"
"4.1119449656035023","361"
"4.1135084427767357","360"
"4.115071919949969","375"
"4.1166353971232024","428"
"4.1181988742964348","482"
"4.1197623514696682","473"
"4.1213258286429015","478"
"4.1228893058161349","440"
"4.1244527829893682","366"
"4.1260162601626016","361"
"4.1275797373358349","355"
"4.1291432145090683","373"
"4.1307066916823016","358"
"4.132270168855535","427"
"4.1338336460287683","433"
"4.1353971232020008","487"
"4.1369606003752342","482"
"4.1385240775484675","482"
"4.1400875547217009","389"
"4.1416510318949342","365"
"4.1432145090681676","361"
"4.1447779862414009","363"
"4.1463414634146343","375"
"4.1479049405878676","416"
"4.149468417761101","431"
"4.1510318949343343","456"
"4.1525953721075668","475"
"4.1541588492808001","438"
"4.1557223264540335","431"
"4.1572858036272669","389"
"4.1588492808005002","354"
"4.1604127579737336","374"
"4.1619762351469669","366"
"4.1635397123202003","375"
"4.1651031894934336","429"
"4.166666666666667","461"
"4.1682301438399003","482"
"4.1697936210131328","478"
"4.1713570981863661","449"
"4.1729205753595995","396"
"4.1744840525328328","368"
"4.1760475297060662","353"
"4.1776110068792995","365"
"4.1791744840525329","378"
"4.1807379612257662","375"
"4.1823014383989996","427"
"4.1838649155722329","486"
"4.1854283927454663","480"
"4.1869918699186988","453"
"4.1885553470919321","426"
"4.1901188242651655","348"
"4.1916823014383988","356"
"4.1932457786116322","360"
"4.1948092557848655","365"
"4.1963727329580989","365"
"4.1979362101313322","427"
"4.1994996873045656","454"
"4.2010631644777989","481"
"4.2026266416510323","483"
"4.2041901188242647","467"
"4.2057535959974981","370"
"4.2073170731707314","364"
"4.2088805503439648","359"
"4.2104440275171982","362"
"4.2120075046904315","367"
"4.2135709818636649","428"
"4.2151344590368982","436"
"4.2166979362101316","484"
"4.2182614133833649","476"
"4.2198248905565983","436"
"4.2213883677298307","418"
"4.2229518449030641","410"
"4.2245153220762974","347"
"4.2260787992495308","343"
"4.2276422764227641","371"
"4.2292057535959975","369"
"4.2307692307692308","427"
"4.2323327079424642","481"
"4.2338961851156975","488"
"4.2354596622889309","481"
"4.2370231394621642","446"
"4.2385866166353967","378"
"4.2401500938086301","366"
"4.2417135709818634","362"
"4.2432770481550968","366"
"4.2448405253283301","363"
"4.2464040025015635","438"
"4.2479674796747968","428"
"4.2495309568480302","485"
"4.2510944340212635","484"
"4.2526579111944969","435"
"4.2542213883677302","418"
"4.2557848655409627","403"
"4.257348342714196","355"
"4.2589118198874294","274"
"4.2604752970606627","365"
"4.2620387742338961","406"
"4.2636022514071295","453"
"4.2651657285803628","484"
"4.2667292057535962","488"
"4.2682926829268295","476"
"4.2698561601000629","439"
"4.2714196372732962","357"
"4.2729831144465287","372"
"4.274546591619762","361"
"4.2761100687929954","367"
"4.2776735459662287","369"
"4.2792370231394621","433"
"4.2808005003126954","408"
"4.2823639774859288","475"
"4.2839274546591621","469"
"4.2854909318323955","432"
"4.2870544090056288","403"
"4.2886178861788622","415"
"4.2901813633520947","363"
"4.291744840525328","366"
"4.2933083176985614","379"
"4.2948717948717947","379"
"4.2964352720450281","438"
"4.2979987492182614","486"
"4.2995622263914948","488"
"4.3011257035647281","479"
"4.3026891807379615","422"
"4.3042526579111948","369"
"4.3058161350844282","364"
"4.3073796122576606","362"
"4.308943089430894","364"
"4.3105065666041273","373"
"4.3120700437773607","418"
"4.313633520950594","489"
"4.3151969981238274","479"
"4.3167604752970608","482"
"4.3183239524702941","464"
"4.3198874296435275","392"
"4.3214509068167608","363"
"4.3230143839899942","360"
"4.3245778611632266","359"
"4.32614133833646","377"
"4.3277048155096933","375"
"4.3292682926829267","436"
"4.33083176985616","488"
"4.3323952470293934","480"
"4.3339587242026267","475"
"4.3355222013758601","421"
"4.3370856785490934","374"
"4.3386491557223268","343"
"4.3402126328955601","364"
"4.3417761100687926","365"
"4.343339587242026","359"
"4.3449030644152593","420"
"4.3464665415884927","486"
"4.348030018761726","487"
"4.3495934959349594","486"
"4.3511569731081927","422"
"4.3527204502814261","369"
"4.3542839274546594","365"
"4.3558474046278928","368"
"4.3574108818011261","362"
"4.3589743589743586","379"
"4.3605378361475919","425"
"4.3621013133208253","437"
"4.3636647904940586","463"
"4.365228267667292","503"
"4.3667917448405253","482"
"4.3683552220137587","421"
"4.3699186991869921","360"
"4.3714821763602254","342"
"4.3730456535334588","365"
"4.3746091307066921","370"
"4.3761726078799246","376"
"4.3777360850531579","462"
"4.3792995622263913","485"
"4.3808630393996246","489"
"4.382426516572858","478"
"4.3839899937460913","395"
"4.3855534709193247","401"
"4.387116948092558","359"
"4.3886804252657914","363"
"4.3902439024390247","358"
"4.3918073796122581","377"
"4.3933708567854906","428"
"4.3949343339587239","424"
"4.3964978111319573","484"
"4.3980612883051906","433"
"4.399624765478424","472"
"4.4011882426516573","411"
"4.4027517198248907","373"
"4.404315196998124","315"
"4.4058786741713574","369"
"4.4074421513445907","373"
"4.4090056285178241","376"
"4.4105691056910565","386"
"4.4121325828642899","490"
"4.4136960600375232","490"
"4.4152595372107566","479"
"4.4168230143839899","430"
"4.4183864915572233","364"
"4.4199499687304566","356"
"4.42151344590369","368"
"4.4230769230769234","363"
"4.4246404002501567","432"
"4.4262038774233901","426"
"4.4277673545966225","436"
"4.4293308317698559","488"
"4.4308943089430892","468"
"4.4324577861163226","466"
"4.4340212632895559","360"
"4.4355847404627893","372"
"4.4371482176360226","358"
"4.438711694809256","372"
"4.4402751719824893","362"
"4.4418386491557227","371"
"4.443402126328956","427"
"4.4449656035021885","488"
"4.4465290806754219","485"
"4.4480925578486552","478"
"4.4496560350218886","415"
"4.4512195121951219","369"
"4.4527829893683553","357"
"4.4543464665415886","353"
"4.455909943714822","364"
"4.4574734208880553","369"
"4.4590368980612887","440"
"4.4606003752345211","432"
"4.4621638524077545","486"
"4.4637273295809878","451"
"4.4652908067542212","479"
"4.4668542839274545","421"
"4.4684177611006879","350"
"4.4699812382739212","335"
"4.4715447154471546","365"
"4.4731081926203879","371"
"4.4746716697936213","428"
"4.4762351469668546","435"
"4.4777986241400871","488"
"4.4793621013133205","485"
"4.4809255784865538","458"
"4.4824890556597872","412"
"4.4840525328330205","365"
"4.4856160100062539","360"
"4.4871794871794872","360"
"4.4887429643527206","366"
"4.4903064415259539","367"
"4.4918699186991873","427"
"4.4934333958724206","452"
"4.4949968730456531","486"
"4.4965603502188864","466"
"4.4981238273921198","417"
"4.4996873045653532","354"
"4.5012507817385865","355"
"4.5028142589118199","339"
"4.5043777360850532","364"
"4.5059412132582866","374"
"4.5075046904315199","427"
"4.5090681676047533","426"
"4.5106316447779866","487"
"4.5121951219512191","482"
"4.5137585991244524","476"
"4.5153220762976858","399"
"4.5168855534709191","369"
"4.5184490306441525","365"
"4.5200125078173858","363"
"4.5215759849906192","363"
"4.5231394621638525","417"
"4.5247029393370859","474"
"4.5262664165103192","488"
"4.5278298936835526","480"
"4.5293933708567851","466"
"4.5309568480300184","434"
"4.5325203252032518","363"
"4.5340838023764851","359"
"4.5356472795497185","361"
"4.5372107567229518","358"
"4.5387742338961852","379"
"4.5403377110694185","408"
"4.5419011882426519","480"
"4.5434646654158852","485"
"4.5450281425891186","483"
"4.546591619762351","474"
"4.5481550969355844","416"
"4.5497185741088177","377"
"4.5512820512820511","362"
"4.5528455284552845","365"
"4.5544090056285178","369"
"4.5559724828017512","383"
"4.5575359599749845","479"
"4.5590994371482179","489"
"4.5606629143214512","484"
"4.5622263914946846","462"
"4.563789868667917","422"
"4.5653533458411504","378"
"4.5669168230143837","354"
"4.5684803001876171","362"
"4.5700437773608504","395"
"4.5716072545340838","393"
"4.5731707317073171","367"
"4.5747342088805505","442"
"4.5762976860537838","476"
"4.5778611632270172","511"
"4.5794246404002505","474"
"4.580988117573483","422"
"4.5825515947467164","366"
"4.5841150719199497","364"
"4.5856785490931831","370"
"4.5872420262664164","374"
"4.5888055034396498","376"
"4.5903689806128831","460"
"4.5919324577861165","482"
"4.5934959349593498","469"
"4.5950594121325832","461"
"4.5966228893058165","422"
"4.598186366479049","368"
"4.5997498436522823","359"
"4.6013133208255157","345"
"4.602876797998749","370"
"4.6044402751719824","364"
"4.6060037523452158","427"
"4.6075672295184491","459"
"4.6091307066916825","446"
"4.6106941838649158","463"
"4.6122576610381492","439"
"4.6138211382113825","417"
"4.615384615384615","329"
"4.6169480925578483","356"
"4.6185115697310817","366"
"4.620075046904315","364"
"4.6216385240775484","426"
"4.6232020012507817","469"
"4.6247654784240151","479"
"4.6263289555972484","475"
"4.6278924327704818","478"
"4.6294559099437151","427"
"4.6310193871169485","398"
"4.632582864290181","361"
"4.6341463414634143","357"
"4.6357098186366477","368"
"4.637273295809881","427"
"4.6388367729831144","435"
"4.6404002501563477","443"
"4.6419637273295811","487"
"4.6435272045028144","478"
"4.6450906816760478","433"
"4.6466541588492811","366"
"4.6482176360225145","350"
"4.6497811131957469","353"
"4.6513445903689803","365"
"4.6529080675422136","371"
"4.654471544715447","421"
"4.6560350218886803","486"
"4.6575984990619137","488"
"4.6591619762351471","485"
"4.6607254534083804","428"
"4.6622889305816138","413"
"4.6638524077548471","378"
"4.6654158849280805","361"
"4.6669793621013129","368"
"4.6685428392745463","366"
"4.6701063164477796","428"
"4.671669793621013","433"
"4.6732332707942463","487"
"4.6747967479674797","468"
"4.676360225140713","427"
"4.6779237023139464","427"
"4.6794871794871797","361"
"4.6810506566604131","364"
"4.6826141338336464","360"
"4.6841776110068789","355"
"4.6857410881801123","366"
"4.6873045653533456","429"
"4.688868042526579","458"
"4.6904315196998123","486"
"4.6919949968730457","478"
"4.693558474046279","468"
"4.6951219512195124","366"
"4.6966854283927457","367"
"4.6982489055659791","365"
"4.6998123827392124","357"
"4.7013758599124449","354"
"4.7029393370856782","427"
"4.7045028142589116","431"
"4.7060662914321449","463"
"4.7076297686053783","454"
"4.7091932457786116","480"
"4.710756722951845","414"
"4.7123202001250784","369"
"4.7138836772983117","348"
"4.7154471544715451","362"
"4.7170106316447784","365"
"4.7185741088180109","366"
"4.7201375859912442","432"
"4.7217010631644776","481"
"4.7232645403377109","495"
"4.7248280175109443","483"
"4.7263914946841776","422"
"4.727954971857411","402"
"4.7295184490306443","356"
"4.7310819262038777","365"
"4.732645403377111","365"
"4.7342088805503444","347"
"4.7357723577235769","434"
"4.7373358348968102","435"
"4.7388993120700436","485"
"4.7404627892432769","482"
"4.7420262664165103","478"
"4.7435897435897436","417"
"4.745153220762977","368"
"4.7467166979362103","355"
"4.7482801751094437","334"
"4.749843652282677","370"
"4.7514071294559104","421"
"4.7529706066291428","418"
"4.7545340838023762","482"
"4.7560975609756095","489"
"4.7576610381488429","468"
"4.7592245153220762","426"
"4.7607879924953096","361"
"4.7623514696685429","355"
"4.7639149468417763","363"
"4.7654784240150097","363"
"4.767041901188243","353"
"4.7686053783614764","430"
"4.7701688555347088","421"
"4.7717323327079422","488"
"4.7732958098811755","480"
"4.7748592870544089","427"
"4.7764227642276422","407"
"4.7779862414008756","368"
"4.7795497185741089","357"
"4.7811131957473423","358"
"4.7826766729205756","370"
"4.784240150093809","376"
"4.7858036272670423","441"
"4.7873671044402748","515"
"4.7889305816135082","484"
"4.7904940587867415","478"
"4.7920575359599749","416"
"4.7936210131332082","360"
"4.7951844903064416","357"
"4.7967479674796749","362"
"4.7983114446529083","369"
"4.7998749218261416","363"
"4.801438398999375","431"
"4.8030018761726083","428"
"4.8045653533458408","478"
"4.8061288305190741","479"
"4.8076923076923075","416"
"4.8092557848655408","405"
"4.8108192620387742","361"
"4.8123827392120075","358"
"4.8139462163852409","363"
"4.8155096935584742","372"
"4.8170731707317076","377"
"4.818636647904941","436"
"4.8202001250781734","447"
"4.8217636022514068","486"
"4.8233270794246401","466"
"4.8248905565978735","419"
"4.8264540337711068","364"
"4.8280175109443402","349"
"4.8295809881175735","355"
"4.8311444652908069","367"
"4.8327079424640402","362"
"4.8342714196372736","441"
"4.8358348968105069","458"
"4.8373983739837394","479"
"4.8389618511569727","478"
"4.8405253283302061","431"
"4.8420888055034395","409"
"4.8436522826766728","409"
"4.8452157598499062","356"
"4.8467792370231395","357"
"4.8483427141963729","364"
"4.8499061913696062","380"
"4.8514696685428396","438"
"4.8530331457160729","413"
"4.8545966228893054","484"
"4.8561601000625387","478"
"4.8577235772357721","426"
"4.8592870544090054","352"
"4.8608505315822388","359"
"4.8624140087554721","357"
"4.8639774859287055","369"
"4.8655409631019388","371"
"4.8671044402751722","428"
"4.8686679174484055","435"
"4.8702313946216389","489"
"4.8717948717948714","478"
"4.8733583489681047","408"
"4.8749218261413381","409"
"4.8764853033145714","364"
"4.8780487804878048","359"
"4.8796122576610381","341"
"4.8811757348342715","364"
"4.8827392120075048","379"
"4.8843026891807382","431"
"4.8858661663539715","477"
"4.8874296435272049","400"
"4.8889931207004373","423"
"4.8905565978736707","431"
"4.892120075046904","363"
"4.8936835522201374","375"
"4.8952470293933708","360"
"4.8968105065666041","368"
"4.8983739837398375","364"
"4.8999374609130708","438"
"4.9015009380863042","492"
"4.9030644152595375","488"
"4.9046278924327709","476"
"4.9061913696060033","406"
"4.9077548467792367","411"
"4.90931832395247","354"
"4.9108818011257034","366"
"4.9124452782989367","359"
"4.9140087554721701","420"
"4.9155722326454034","422"
"4.9171357098186368","429"
"4.9186991869918701","477"
"4.9202626641651035","480"
"4.9218261413383368","469"
"4.9233896185115693","408"
"4.9249530956848027","354"
"4.926516572858036","356"
"4.9280800500312694","359"
"4.9296435272045027","369"
"4.9312070043777361","372"
"4.9327704815509694","436"
"4.9343339587242028","451"
"4.9358974358974361","477"
"4.9374609130706695","479"
"4.9390243902439028","406"
"4.9405878674171353","366"
"4.9421513445903686","354"
"4.943714821763602","355"
"4.9452782989368353","366"
"4.9468417761100687","399"
"4.9484052532833021","424"
"4.9499687304565354","439"
"4.9515322076297688","487"
"4.9530956848030021","444"
"4.9546591619762355","475"
"4.9562226391494688","397"
"4.9577861163227013","377"
"4.9593495934959346","356"
"4.960913070669168","361"
"4.9624765478424013","369"
"4.9640400250156347","371"
"4.965603502188868","421"
"4.9671669793621014","480"
"4.9687304565353347","478"
"4.9702939337085681","466"
"4.9718574108818014","383"
"4.9734208880550348","361"
"4.9749843652282673","355"
"4.9765478424015006","359"
"4.978111319574734","364"
"4.9796747967479673","386"
"4.9812382739212007","434"
"4.982801751094434","437"
"4.9843652282676674","487"
"4.9859287054409007","477"
"4.9874921826141341","470"
"4.9890556597873674","363"
"4.9906191369606008","359"
"4.9921826141338332","319"
"4.9937460913070666","374"
"4.9953095684802999","416"
"4.9968730456535333","426"
"4.9984365228267666","436"
"5.0","478"
